商品名,价格,店铺名,店铺链接,年销量
2024秋冬加绒裤男伞兵工装拖地裤潮流百搭时尚宽松舒适直筒裤男港风潮牌美式简约休闲裤男,45.00,元一服饰,https://shop7750.17qcc.com,2882
秋冬新品针织三条杠条纹直筒裤美式休闲潮流百搭宽松舒适港风潮牌休闲裤子男,42.00,元一服饰,https://shop7750.17qcc.com,5102
2025年秋冬新品天丝莱赛尔仿牛仔裤男洗水直筒裤男宽松舒适百搭休闲裤男潮流港风潮牌美式高街裤子男,44.00,元一服饰,https://shop7750.17qcc.com,602
【档口现货】【100棉高品质】运动裤男长裤春秋薄款纯棉宽松ins潮流束脚卫裤子男士休闲裤子男加绒加厚,28.00,力通服饰,https://shop6276.17qcc.com,37
特批全网大爆款360克重磅华棉卫裤2025新款秋冬季裤子男加绒长裤港风宽松直筒运动休闲裤,30.00,仟佰万,https://shop9633.17qcc.com,1
羊羔绒裤子男生冬季2024新款加绒加厚男士休闲棉裤加绒加厚秋冬款直筒卫裤,29.00,鼎蒂威登工厂店,https://shop9078.17qcc.com,3473
25年新款男士秋季新款休闲裤子卡其色高级感多口袋工装裤,58.00,恒泰运动工厂,https://shop11366.17qcc.com,1188
【M-8XL】25年新款裤子男春秋款数据爆款男士纯棉直筒长裤弹力宽松加肥加大码休闲裤二开卫裤,36.00,帝郎服饰,https://shop6123.17qcc.com,5459
现货批发休闲男宽松时尚卫裤男士春秋款束脚男款2025新款九分裤男生加绒加厚运动裤男阔腿长裤子,17.00,鑫峰狼运动服饰,https://shop11346.17qcc.com,1255
660华棉春秋季男士休闲直筒运动长裤港风宽松阔腿宽脚针织拖地卫裤潮纯棉,32.00,瀚客尔服饰,https://shop2302.17qcc.com,8325
2025春秋新品男士休闲裤长裤男运动裤男士卫裤男跑步裤男训练裤男,15.00,百川服饰,https://baichuan666.17qcc.com,1323
【控价69】四季洗水拖地牛仔裤纯色复古公版港风宽松直筒裤子工装休闲裤男女春装长裤,35.00,盛尚服饰,https://shop2847.17qcc.com,3258
2024秋冬季户外软壳冲锋裤男加绒加厚防水面料长裤男运动休闲裤男,34.00,宇盛斯特直供,https://shop2575.17qcc.com,3080
609华棉重磅包边款新款男士纯棉休闲运动直筒长裤港风宽松拖地阔腿卫裤潮流春秋季,35.00,瀚客尔服饰,https://shop2302.17qcc.com,6219
【工厂主推】2025羊羔绒棉裤男新款秋冬季中青年户外保暖长裤男士大码宽松防寒休闲裤男加绒加厚运动裤,17.00,星达服饰,https://shop11141.17qcc.com,907
休闲弯刀裤男2025新款舒适长裤男士潮牌百搭时尚阔腿裤男学生宽松潮流直筒运动裤男生裤子,38.00,鑫峰狼运动服饰,https://shop11346.17qcc.com,456
休闲裤男 秋季复合重磅新款美式工装裤男阔腿潮牌宽松直筒运动户外登山冲锋情侣款大口袋垂感-2615,27.00,墨轩服饰,https://shop9087.17qcc.com,7758
纯棉加绒加厚保暖卫裤子男士休闲长裤新款秋冬季2023束脚运动束脚直筒棉裤,28.00,力通服饰,https://shop6276.17qcc.com,558
休闲裤男  羊羔绒秋冬季2025新款卫裤男加绒加厚男女同款防盗拉链裤子男束脚直筒长裤运动休闲裤男,20.00,墨轩服饰,https://shop9087.17qcc.com,5002
牛仔裤男士2025新款潮牌宽松直筒裤秋天潮流弹力百搭休闲长裤秋冬新款,39.00,简威服饰,https://shop11560.17qcc.com,2647
2025新款秋冬季加绒加厚长裤男士羊羔绒防寒休闲裤男加绒裤中老年棉裤男士直筒加棉保暖裤男爸爸裤子,44.00,鑫峰狼运动服饰,https://shop11346.17qcc.com,170
【跨境专供】防盗拉链裤子男羊羔绒秋冬季运动休闲裤男跨境爆款加绒裤2025新款时尚百搭束脚长裤直筒裤子,20.00,鑫峰狼运动服饰,https://shop11346.17qcc.com,359
2025秋裤夹克男士春秋季休闲拉链外套运动工装上衣服韩版潮流百搭外衣,29.00,狐行天下服饰,https://shop766.17qcc.com,662
【控价79】四季洗水拖地牛仔裤纯色复古公版港风宽松直筒裤子工装休闲裤男女春装长裤,39.00,盛尚服饰,https://shop2847.17qcc.com,1533
65棉男士日系阔腿裤潮流休闲裤男2025新款春秋薄款束脚卫裤男学生韩版直筒裤宽松百搭运动裤子男,35.00,鑫峰狼运动服饰,https://shop11346.17qcc.com,494
【独家新款】驼绒加厚加绒冬季男士休闲裤女款长裤男女同款休闲裤情侣运动裤羊羔绒居家户外保暖裤,33.00,名岛鹿服饰,https://shop7404.17qcc.com,2138
春秋季薄款纯棉裤子男新款加绒加厚男士宽松时尚束脚卫裤男款潮牌百搭休闲长裤青年学生运动裤夏季,30.00,力通服饰,https://shop6276.17qcc.com,15069
2025新款休闲裤冲锋裤伞兵裤情侣裤工装裤男美式潮牌秋季休闲宽松束脚平脚裤子男女同款,27.00,百川服饰,https://baichuan666.17qcc.com,311
M-8XL加大码胖胖装春秋季男士休闲运动长裤港风潮流纯棉束脚卫裤宽松小脚裤加绒加厚,33.00,瀚客尔服饰,https://shop2302.17qcc.com,267
休闲弯刀裤男2025新款舒适长裤男士潮牌百搭时尚阔腿裤男学生宽松潮流直筒运动裤男生裤子,38.00,鑫峰狼运动服饰,https://shop11346.17qcc.com,514
厂家直销新款纯棉裤子男新款加绒加厚常规款男士宽松时尚束脚卫裤男款潮牌百搭休闲长裤青年三条杠学生运动裤,32.00,沐明服饰工厂店,https://shop10582.17qcc.com,1726
牛仔裤男春秋季宽松直筒韩版潮牌休闲九分裤子学生百搭潮流男,32.00,盛尚服饰,https://shop2847.17qcc.com,4866
厂家直销 三防黑科技秋冬新款休闲裤男大码宽松运动长裤保暖加绒加厚裤子跨境二开数据款公版拉链口袋长裤男,38.00,沐明服饰工厂店,https://shop10582.17qcc.com,1525
春秋季情侣冲锋长裤男女同款软壳裤户外登山运动休闲裤男女2025新款防风防水长裤男潮流束脚工装裤,35.00,鑫峰狼运动服饰,https://shop11346.17qcc.com,347
2025新款刘亦菲同款秋冬季休闲裤男明星同款户外休闲工装裤男防风裤防水登山裤长裤男秋冬款,45.00,宇盛斯特直供,https://shop2575.17qcc.com,5561
【档口现货】M-8XL爆款裤子男秋季男士休闲裤男时尚长裤卫裤韩版潮流冬季加绒加厚九分裤修身运动裤,17.00,道口服饰,https://shop9884.17qcc.com,1664
特批大爆款 欧棉绒提花卫裤2025新款秋冬季鱼骨条纹运动裤港风直筒休闲裤男显瘦加厚保暖裤子1,25.00,仟佰万,https://shop9633.17qcc.com,20198
工厂直销 档口现货 工装裤男女三季款休闲裤户外直筒式伞兵裤运动裤子束脚速干裤女冰丝裤情侣款春夏秋速,37.00,鼎牛服饰工厂店,https://shop9630.17qcc.com,5696
休闲裤男 羊羔绒秋冬季2025新款卫裤男加绒加厚男女同款防盗拉链裤子男束脚直筒长裤运动休闲裤,20.00,墨轩服饰,https://shop9087.17qcc.com,5100
裤子男2025新款二开跨境春秋季男士休闲直筒裤运动长裤港风宽松卫裤男团体服,22.00,道口服饰,https://shop9884.17qcc.com,686
青少潮流三条杠束脚运动裤男女同款纯棉舒适透气校服裤高中生长裤2025新款情侣时尚百搭卫裤休闲裤男裤子,39.00,鑫峰狼运动服饰,https://shop11346.17qcc.com,135
2025美式机能男女同款户外休闲裤春秋季防风防泼水新款时尚百搭潮牌工装裤宽松耐磨8808,37.00,衣朕殿服饰,https://shop2397.17qcc.com,113
加绒加厚冬季新款纯棉数据爆款裤子男春秋款韩版潮流束脚运动裤男士宽松卫裤潮牌休闲长裤男加肥加大跨境爆款,29.00,沐明服饰工厂店,https://shop10582.17qcc.com,1734
2025秋冬新款裤子男拼接辑明线条纹灯芯绒裤子直筒休闲裤男卫裤男,37.00,道口服饰,https://shop9884.17qcc.com,322
（控价75）2553春秋季25新款针织运动卫裤男直筒港风宽松美式潮牌休闲青少年长裤棉质,38.00,瀚客尔服饰,https://shop2302.17qcc.com,3026
M-8XL纯棉男士运动裤宽松直筒春秋季卫裤大码休闲裤长裤子男,32.00,力通服饰,https://shop6276.17qcc.com,801
2025新品秋冬款裤子男重磅美式高街运动裤花纹条纹满印卫裤男垂感直筒休闲裤男,32.00,道口服饰,https://shop9884.17qcc.com,340
【控价79】四季日系纯棉工装裤男秋季美式高街宽松春秋长裤束脚卫裤运动休闲裤子,40.00,盛尚服饰,https://shop2847.17qcc.com,2398
2025新款反光条跨境国内通用短裤男五分裤男速干裤休闲裤运动裤冰丝裤男跑步裤沙滩裤健身裤男,9.50,百川服饰,https://baichuan666.17qcc.com,2305
休闲裤男 羊羔绒秋冬季2025新款卫裤男加绒加厚男女同款防盗拉链裤子男束脚直筒长裤运动,21.00,墨轩服饰,https://shop9087.17qcc.com,5776
加绒加厚户外防水冲锋裤男工装裤男休闲裤男痞帅直筒休闲裤男宽松休闲阔腿裤,45.00,道口服饰,https://shop9884.17qcc.com,873
2025新款秋冬休闲裤男运动卫裤潮流棉裤子立体腰包边裤子高品质束脚运动卫裤【主推款】,32.00,星达服饰,https://shop11141.17qcc.com,721
羊羔绒棉裤男2025新款秋冬季中青年户外保暖长裤男士大码宽松防寒休闲裤男加绒加厚防泼水运动裤,13.00,鑫峰狼运动服饰,https://shop11346.17qcc.com,369
小西裤男九分裤子春秋季直筒休闲裤男士垂感阔腿百搭时尚黑色西装长裤,25.00,瀚客尔服饰,https://shop2302.17qcc.com,4214
牛仔裤男士2025新款潮牌宽松直筒裤秋天潮流弹力百搭休闲长裤秋冬新款,39.00,简威服饰,https://shop11560.17qcc.com,523
8919美式工装多口袋裤男大码春秋2025新款夏季薄款休闲直筒户外登山旅游防水防风冲锋伞兵运动长裤,38.00,秋名山,https://sns.17qcc.com,528
（控价79）2518春秋季25新款针织运动卫裤男直筒港风宽松美式弯刀裤潮牌休闲青少年长裤棉质,39.00,瀚客尔服饰,https://shop2302.17qcc.com,3324
2025新款春秋季三条杠休闲裤男秋冬季直筒长裤宽松百搭时尚卫裤男士加绒运动裤男平脚九分裤,20.00,道口服饰,https://shop9884.17qcc.com,409
2025年秋冬新品针织裤男基础大众直筒裤男美式高街休闲裤男宽松舒适百搭潮流高品质裤子男,42.00,元一服饰,https://shop7750.17qcc.com,3040
2025年秋冬新品针织裤男基础大众直筒裤男美式高街休闲裤男宽松舒适百搭潮流高品质裤子男,42.00,元一服饰,https://shop7750.17qcc.com,3061
2025年秋冬新品天丝莱赛尔休闲裤男褶皱宽松舒适百搭仿牛仔裤男时尚潮流港风潮牌裤子男,48.00,元一服饰,https://shop7750.17qcc.com,1916
男士套装2025新款春秋季宽松舒适圆领卫衣裤子男装潮牌运动时尚两件套加绒长袖长裤运动休闲服,28.00,鑫峰狼运动服饰,https://shop11346.17qcc.com,117
【档口现货】春季中青年运动裤男宽松束脚棉质休闲裤男士大码直筒卫裤子男裤装,28.00,力通服饰,https://shop6276.17qcc.com,3914
2025秋冬加绒裤男毛巾底莱赛尔垂感新面料休闲裤男直筒宽松百搭潮流,42.00,元一服饰,https://shop7750.17qcc.com,6136
2025春秋男运动套装男运动休闲情侣卫衣卫裤套装开衫拉链两件套新品,39.00,道口服饰,https://shop9884.17qcc.com,284
抖音得物大爆款2025新款裤子水洗牛仔裤 工装伞兵裤冬季港风宽松直筒运动休闲裤男,38.00,仟佰万,https://shop9633.17qcc.com,334
660华棉重磅包边款春秋季男士直筒休闲运动长裤港风宽松阔腿宽脚针织棉质卫裤二开,32.00,瀚客尔服饰,https://shop2302.17qcc.com,1640
2025新款黑色工装裤男士秋冬款宽松直筒大码加肥加大多口袋秋季休闲加绒长裤子,32.00,鼎蒂威登工厂店,https://shop9078.17qcc.com,1022
【厂家直销档口现货】爆款夏季冰丝长裤男女束脚运动裤高弹力速干休闲裤直筒宽松大码户外,16.00,鼎牛服饰工厂店,https://shop9630.17qcc.com,6136
2024新款男士时尚潮流小脚卫裤男韩版松紧束脚裤时尚百搭纯色休闲裤男女同款运动裤潮牌长裤子,19.00,道口服饰,https://shop9884.17qcc.com,456
加绒加厚摇粒绒羊羔绒外套上衣马甲长裤中老年三件套北极绒男立领保暖休闲裤男运动套装男2025新款,68.00,宇盛斯特直供,https://shop2575.17qcc.com,2116
工装裤子男款潮牌宽松束脚2024秋冬季新款潮流宽松百搭男士休闲裤,35.00,鼎蒂威登工厂店,https://shop9078.17qcc.com,361
休闲裤男潮流爆款三条杠直筒春秋季2024新款潮牌宽松休闲运动卫裤痞帅男青年学生时尚长裤,20.00,鑫峰狼运动服饰,https://shop11346.17qcc.com,78
加绒加厚纯棉套装男 加绒运动套装 休闲裤外套 棉衣男 加绒套装 加绒运动裤 纯棉套装 秋季新款,45.00,世麦服饰,https://shop5170.17qcc.com,4205
条纹直筒花纹裤子男高街裤子运动休闲裤男卫裤男团体服2025秋冬男款宽松学生灯芯绒,38.00,道口服饰,https://shop9884.17qcc.com,225
2025秋冬季新款户外登山裤加绒加厚长裤男运动休闲裤男防水面料软壳冲锋裤男,34.00,宇盛斯特直供,https://shop2575.17qcc.com,2026
卫裤男直筒加绒休闲裤男潮流休闲百搭长裤子拖地裤宽松运动裤数据爆款2025新款秋冬季,25.00,道口服饰,https://shop9884.17qcc.com,790
美式工装裤子男2024新款春秋季潮牌宽松户外登山冲锋裤运动休闲裤,35.00,鼎蒂威登工厂店,https://shop9078.17qcc.com,661
冬季羊羔绒裤子男士加绒加厚运动裤华棉休闲男裤特厚保暖棉裤长裤,48.00,双胜力服装,https://shop2341.17qcc.com,284
运动套装男士春秋季新款夹克男外套搭配休闲长裤帅气两件套男潮,67.00,狐行天下服饰,https://shop766.17qcc.com,876
高端牛仔裤男士春秋季修身直筒长裤2025新款潮流休闲长裤子男,39.00,简威服饰,https://shop11560.17qcc.com,245
档口现货6618加绒加厚新款男高品质休闲裤男奥立绒复合北极绒宽松超柔运动裤百搭男加绒裤光板,38.00,三匹马服饰工厂店,https://shop9181.17qcc.com,87
有加绒款厂家直销 秋冬主推爆款男士时尚休闲裤二开裤子男宽松束脚休闲长裤港版休闲卫裤男加肥加大跨境大码,20.00,沐明服饰工厂店,https://shop10582.17qcc.com,1972
2025秋冬男款宽松学生直筒篮球裤全开排扣裤印花裤子男高街裤子运动休闲裤男卫裤男团体服,32.00,道口服饰,https://shop9884.17qcc.com,215
2025年秋冬新品全松紧弯刀休闲裤男宽松舒适直筒裤男休闲百搭时尚潮流高品质裤子男,39.00,元一服饰,https://shop7750.17qcc.com,2598
新款秋冬加绒保暖休闲裤男士潮流时尚束脚九分裤男士直筒运动裤男生时尚长裤加肥加大休闲裤男厂家直销,40.00,沐明服饰工厂店,https://shop10582.17qcc.com,1020
M-8XL新款锦纶四面弹夏季男士休闲运动九分裤冰丝小脚男裤二次开发加大码,23.00,瀚客尔服饰,https://shop2302.17qcc.com,10197
深度库存全网大爆款2025新款秋冬季防水冲锋裤降落伞兵裤男卫裤宽松直筒休闲裤港风工装长裤,19.00,仟佰万,https://shop9633.17qcc.com,34466
厂家直销 纯棉数据爆款裤子男春秋款韩版潮流束脚运动裤男士宽松卫裤潮牌休闲长裤男加肥加大跨境爆款,29.00,沐明服饰工厂店,https://shop10582.17qcc.com,1855
三条杠拼接运动裤男裤子男2025秋冬季设计感美式高街休闲裤男直筒宽松卫裤男,35.00,道口服饰,https://shop9884.17qcc.com,254
国潮直筒花纹裤子男高街运动休闲裤男中国风水墨山水满印卫裤男团体服2025秋冬男款学生迷彩,33.00,道口服饰,https://shop9884.17qcc.com,208
中老年秋冬羊羔绒拉链开衫外套男加绒加厚休闲裤男卫衣男两件套2025新款爸爸装保暖运动连帽套装男,59.00,道口服饰,https://shop9884.17qcc.com,118
厂家直供2025夏季新款冰丝裤男时尚百搭休闲裤男高性价比大码长裤,16.50,罗登男装,https://shop9840.17qcc.com,1084
【全网大爆款深度库存】cleanfit男款迷彩牛仔裤微喇叭修身秋冬新款休闲裤美式高街,35.00,胜季牛仔裤供应链,https://shengjiA130.17qcc.com,1865
春秋季情侣冲锋长裤男女同款软壳裤户外登山运动休闲裤男女2025新款防风防水长裤男潮流束脚工装裤,35.00,鑫峰狼运动服饰,https://shop11346.17qcc.com,365
2025秋冬运动裤卫裤男条纹裤子男美式休闲学生团体服休闲裤男哈伦裤小脚裤三条杠,29.00,道口服饰,https://shop9884.17qcc.com,330
秋冬季新款男士软壳衣夹克长裤冲锋衣男款抓绒立领秋冬休闲男装防风透气加绒套装-55199,59.00,雁归来服饰,https://shop1635.17qcc.com,1136
JEEP大爆款休闲裤男2025新款潮流高街工装裤男户外防水冲锋裤男痞帅直筒休闲裤男宽松休闲阔腿裤,44.00,彬亿服饰,https://shop7547.17qcc.com,1947
【全网大爆款深度库存】cleanfit牛仔裤男款微喇叭修身秋冬新款休闲裤美式高街,38.00,胜季牛仔裤供应链,https://shengjiA130.17qcc.com,2484
2025新款宽松舒适透气纯棉休闲裤男士韩版潮流百搭运动长男薄款坠感阔腿拖地裤男生时尚直筒卫裤男,38.00,鑫峰狼运动服饰,https://shop11346.17qcc.com,263
秋上新包边款春秋季男士休闲直筒运动长裤港风宽松拖到宽脚卫裤潮纯棉,32.00,瀚客尔服饰,https://shop2302.17qcc.com,8336
厂家直销 918黑科技三防面料男士宽松束脚大码休闲裤男公版纯色运动裤子男女秋冬款加绒卫裤长裤休闲裤 ,42.00,沐明服饰工厂店,https://shop10582.17qcc.com,2649
卫裤迷彩2025新款裤子男满印裤卫裤男港风国潮扎染拖地长裤宽松休闲裤男运动,32.00,道口服饰,https://shop9884.17qcc.com,330
【深度库存高品质跑量款】微喇修身冬季加绒美式高街黑色牛仔裤男cleanfit纯色休闲裤显高显腿长,30.00,胜季牛仔裤供应链,https://shengjiA130.17qcc.com,167
【厂家直销档口现货】新款夏季大码冰丝三条杠长裤男宽松休闲超薄款潮流百搭,20.00,鼎牛服饰工厂店,https://shop9630.17qcc.com,3129
羊羔绒裤子男生冬季2024新款加绒加厚男士休闲棉裤加绒加厚秋冬款直筒卫裤,29.00,鼎蒂威登工厂店,https://shop9078.17qcc.com,3057
爆款小西裤 新款裤子港风直筒长裤 宽松休闲裤 夏季冰丝裤工装运动卫裤垂感男士西装裤,40.00,仟佰万,https://shop9633.17qcc.com,221
情侣户外加绒冲锋裤男2025新款秋冬季加厚保暖防水防风裤男士石墨烯护膝沸腾裤直筒休闲裤男登山裤女,42.00,鑫峰狼运动服饰,https://shop11346.17qcc.com,159
2025新款冬季奥粒绒复合羊羔绒裤子男款潮牌加厚加绒休闲裤男保暖棉裤宽松直筒休闲卫裤男,25.00,彬亿服饰,https://shop7547.17qcc.com,1156
春秋冬季新款户外休闲套装男士新款速干外套长裤登山运动跑步防风防水两件套-25885,97.00,雁归来服饰,https://shop1635.17qcc.com,661
25年新款防泼水工装冲锋裤男宽松休闲裤春秋季新款速干运动伞兵【淘系控79元 其他平台69元】,36.00,鼎蒂威登工厂店,https://shop9078.17qcc.com,100
2025秋裤夹克男士春秋季休闲拉链外套运动工装上衣服韩版潮流百搭外衣,29.00,狐行天下服饰,https://shop766.17qcc.com,382
卡其色工装裤男士春秋款宽松束脚大码早秋青少年大学生休闲长裤子,25.00,力通服饰,https://shop6276.17qcc.com,78
M-8XL加大码包边款男士春秋季棉质卫裤港风宽松束脚运动休闲小脚裤,33.00,瀚客尔服饰,https://shop2302.17qcc.com,373
纯棉休闲裤男大码2025新款春秋束脚卫裤男冬季加绒加厚保暖运动裤男士户外宽松长裤男保暖裤,28.00,挖啊挖服饰,https://shop11673.17qcc.com,420
M-8XL纯棉运动裤男士宽松束脚大码休闲裤男公版纯色运动裤子男女秋冬款加绒卫裤长裤休闲裤,45.00,酷奇服饰二号,https://shop9832.17qcc.com,399
高品质春夏季牛仔裤子男宽松直筒裤垂感港风潮流裤子男百搭休闲裤,32.00,盛尚服饰,https://shop2847.17qcc.com,18952
休闲裤男棉裤摇粒加绒加厚长裤魔术贴男休闲百搭保暖抓绒裤束脚运动休闲抓绒裤男,27.00,梵帝森服饰,https://FDS506.17qcc.com,40
跨境专供S-3XL冰感速干短裤男2025新款运动五分裤男夏季吸汗透气休闲裤男篮球沙滩裤男中裤,12.00,鑫峰狼运动服饰,https://shop11346.17qcc.com,1593
秋冬季2025新款加绒美式裤子男三条杠阔腿弯刀卫裤男春秋款宽松休闲裤男女时尚潮牌运动,25.00,道口服饰,https://shop9884.17qcc.com,699
【全网大爆款+深度库存】美式高vibe街修身微喇叭牛仔裤cleanfit男款休闲裤子直筒显瘦,36.00,胜季牛仔裤供应链,https://shengjiA130.17qcc.com,1104
2025年秋冬新品格子布工装裤男宽松舒适百搭休闲裤男潮流时尚百搭直筒裤美式高街裤子男,45.00,创元一品,https://shop11857.17qcc.com,185
 春秋季男士潮牌宽松垂感直筒卫裤男生阔腿裤运动百搭休闲针织长裤得物二开,17.00,五兴潮阁,https://wuxing.17qcc.com,11962
雪地东北加绒加厚防水棉裤情侣冬季羊羔绒裤子复古棉裤宽松加厚丝光绒裤子男女花裤子女休闲裤男,55.00,道口服饰,https://shop9884.17qcc.com,111
运动套装男校服24春秋新款束脚防棉外套夹克三条杠卫衣休闲裤男女套装,44.00,铭飞服饰,https://mfmf.17qcc.com,246
609春秋季25新款针织运动卫裤男直筒港风宽松美式潮牌休闲青少年长裤棉质,35.00,瀚客尔服饰,https://shop2302.17qcc.com,2115
2025年秋冬新品纯棉格子布工装裤男宽松舒适百搭休闲裤男潮流时尚百搭直筒裤美式高街裤子男,53.00,元一服饰,https://shop7750.17qcc.com,1057
（控价79）1132春秋季25新款针织运动卫裤男直筒港风宽松美式潮牌休闲青少年长裤棉质M-8XL大码,38.00,瀚客尔服饰,https://shop2302.17qcc.com,482
2025新款冬季奥粒绒复合羊羔绒裤子男款潮牌加厚加绒休闲裤男保暖棉裤宽松直筒休闲卫裤男,25.00,彬亿服饰,https://shop7547.17qcc.com,1152
羊羔绒裤子男士纯棉冬季加绒加厚直筒大码宽松中青年运动休闲卫裤,48.00,双胜力服装,https://shop2341.17qcc.com,315
抖音大爆款户外三防复合软壳冲锋裤男秋季裤子新款秋冬季机能伞兵裤工装裤潮流宽松直筒休闲裤,32.00,仟佰万,https://shop9633.17qcc.com,3167
（控价75）2514春秋季25新款针织运动卫裤男直筒港风宽松美式潮牌休闲青少年长裤棉质,38.00,瀚客尔服饰,https://shop2302.17qcc.com,1095
【M-8XL】加绒加厚25新款裤子男秋冬款数据爆款男士纯棉直筒长裤弹力宽松加肥加大码休闲裤二开卫裤,36.00,帝郎服饰,https://shop6123.17qcc.com,454
新款秋九分裤休闲男士运动韩版外穿宽松百搭潮牌长裤子男,25.00,佐龙服装,https://shop2712.17qcc.com,1886
休闲裤男  羊羔绒秋冬季2025新款卫裤男加绒加厚男女同款防盗拉链裤子男束脚直筒长裤运动,21.00,墨轩服饰,https://shop9087.17qcc.com,2197
石墨烯加绒加厚防水面料休闲运动裤男直筒高品质冬季保暖休闲裤男2025冬季新款,19.00,宇盛斯特直供,https://shop2575.17qcc.com,1528
港风做旧高街直筒牛仔裤男士宽松休闲韩版潮流休闲阔腿长裤子,33.00,感岩牛仔,https://shop10421.17qcc.com,8798
新款春秋季宽松休闲裤男式九分裤时尚男士加绒加厚羊羔绒直筒卫裤长裤,27.00,佐龙服装,https://shop2712.17qcc.com,8513
秋冬户外加绒防风保暖弹力休闲男士软壳裤通勤运动骑行登山徒步长裤,57.00,18919服饰,https://shop2785.17qcc.com,223
冬季加绒休闲裤男情侣款冲锋裤子男士户外保暖防风显瘦休闲裤男长裤男九分裤男,35.00,道口服饰,https://shop9884.17qcc.com,248
迪家平替秋冬男士加绒防风保暖弹力休闲软壳裤户外通勤运动骑行登山徒步长裤,48.00,18919服饰,https://shop2785.17qcc.com,221
摇粒北极绒加绒加厚长裤男休闲百搭保暖抓绒裤束脚运动休闲裤男2025冬季新款,36.00,宇盛斯特直供,https://shop2575.17qcc.com,1236
23年新款男士纯棉休闲运动直筒长裤港风宽松拖地阔腿卫裤潮流春秋季,35.00,瀚客尔服饰,https://shop2302.17qcc.com,138
 2025春夏 四季款修身韩版小脚男士牛仔裤男装休闲潮裤子潮,38.00,丹蒙牛仔,https://a359.17qcc.com,278
修身牛仔裤男款春秋季弹力男裤2025新款休闲百搭直筒长裤子男士,39.00,简威服饰,https://shop11560.17qcc.com,459
100%纯棉运动套装男女休闲运动套装拉链开衫卫衣两件套装宽松大码运动裤卫裤纯色公版,77.00,森拍服饰,https://shop6174.17qcc.com,252
【原创设计】春秋冬季运动长裤男款卫裤秋季纯棉休闲裤加绒加绒宽松束脚裤青少年大码跑步裤,33.00,力通服饰,https://shop6276.17qcc.com,142
高街裤子运动休闲裤男条纹直筒篮球裤花纹裤子男卫裤男团体服2025秋冬男款宽松学生,33.00,道口服饰,https://shop9884.17qcc.com,190
2025年秋冬新品格子布工装裤男宽松舒适百搭休闲裤男潮流时尚百搭直筒裤美式高街裤子男,53.00,创元一品,https://shop11857.17qcc.com,156
2025年秋冬新品洗褪弯刀裤男宽松舒适百搭休闲裤男美式高街直筒裤男港风时尚潮流裤子男,45.00,元一服饰,https://shop7750.17qcc.com,1233
256加绒情侣裤 秋冬加厚卫裤2025新款休闲直筒摇粒绒抓绒裤大码羊羔绒棉裤男,32.00,衣朕殿服饰,https://shop2397.17qcc.com,35
【控价79】四季日系纯棉工装裤男秋季美式高街宽松春秋长裤束脚卫裤运动休闲裤子,40.00,盛尚服饰,https://shop2847.17qcc.com,2326
L-8XL加肥加大码羊羔绒棉裤男士加绒加厚外穿防风裤2025新款秋冬季保暖束脚休闲裤爸爸爷爷外穿棉裤,29.00,鑫峰狼运动服饰,https://shop11346.17qcc.com,37
秋冬加绒卫裤男士保暖羊羔绒保暖裤子2025新款宽松加厚阔腿裤男学生直筒运动百搭休闲裤男跨境长裤,25.00,道口服饰,https://shop9884.17qcc.com,85
2025年秋冬新品全松紧弯刀休闲裤男宽松舒适直筒裤男休闲百搭时尚潮流高品质裤子男,39.00,元一服饰,https://shop7750.17qcc.com,2618
2025新款男大码L-7XL秋冬季加绒加厚防风棉裤男士加大大码休闲裤男裤子兔毛爆款直播神款,37.00,荣袁服饰,https://shop2365.17qcc.com,714
2025新款冬季加绒运动休闲裤男女同款加厚羊羔绒卫裤男士松紧腰束脚跑步裤时尚纯棉紧口长裤子,34.00,鑫峰狼运动服饰,https://shop11346.17qcc.com,120
运动裤男秋冬款男裤中老年男士休闲裤加绒加厚爸爸裤子冬季卫裤,38.00,双胜力服装,https://shop2341.17qcc.com,596
2025至尊王子秋冬新款休闲裤男北极绒冬季加绒裤男加厚男士运动长裤,35.00,至尊王子,https://shop4776.17qcc.com,3921
青少年裤子男秋冬防风防水三防冲锋裤男耐磨保暖舒适百搭运动登山卫裤休闲裤直筒长裤4级防水科技,50.00,道口服饰,https://shop9884.17qcc.com,336
三防美式可脱内胆冲锋裤男秋冬季新款户外厚款宽松运动半松紧工装休闲裤-25887.,28.00,雁归来服饰,https://shop1635.17qcc.com,4531
M-8XL纯棉运动裤男士宽松束脚大码休闲裤男公版纯色运动裤子男女秋冬款加绒卫裤长裤,43.00,酷奇服饰二号,https://shop9832.17qcc.com,488
2024爆款商务蓝色牛仔裤男秋冬修身直筒男士弹力休闲长裤裤子#,40.00,千川供应链,https://shop11151.17qcc.com,210
2025秋冬季新款束脚工装裤加绒加厚休闲男运动卫裤户外运动防水情侣冲锋裤,30.00,宇盛斯特直供,https://shop2575.17qcc.com,2189
B310小西裤男九分裤子春夏季直筒休闲裤男士垂感阔腿百搭时尚黑色西装长裤,25.00,瀚客尔服饰,https://shop2302.17qcc.com,1468
【全网大爆款深度库存】cleanfit牛仔裤男款宽松直筒秋冬新款做旧色休闲裤美式高街显瘦显腿长,38.00,胜季牛仔裤供应链,https://shengjiA130.17qcc.com,1628
